[{"eventDescription": "\u83f2\u5f8b\u5bbe\u89e3\u9664\u533b\u62a4\u4eba\u5458\u51fa\u56fd\u7981\u4ee4", "eventUrl": "https://baijiahao.baidu.com/s?id=1683961253074928711&wfr=spider&for=pc", "siteName": "\u754c\u9762\u65b0\u95fb"}, {"eventDescription": "\u83f2\u5f8b\u5bbe\u653e\u5bbd\u533b\u62a4\u4eba\u5458\u51fa\u56fd\u7981\u4ee4", "eventUrl": "https://baijiahao.baidu.com/s?id=1683952308074844813&wfr=spider&for=pc", "siteName": "\u6f8e\u6e43\u65b0\u95fb"}, {"eventDescription": "\u8499\u53e4\u56fd\u65b0\u589e23\u4f8b\u65b0\u51a0\u80ba\u708e\u75c5\u4f8b", "eventUrl": "https://baijiahao.baidu.com/s?id=1683943355245310310&wfr=spider&for=pc", "siteName": "\u4eba\u6c11\u7f51"}, {"eventDescription": "\u5df4\u52d2\u65af\u5766\u65b0\u589e1472\u4f8b\u65b0\u51a0\u80ba\u708e\u786e\u8bca\u75c5\u4f8b", "eventUrl": "https://baijiahao.baidu.com/s?id=1683900948243757255&wfr=spider&for=pc", "siteName": "\u6f47\u6e58\u6668\u62a5"}, {"eventDescription": "\u5c3c\u6cca\u5c14\u524a\u51cf\u652f\u51fa\u4ee5\u652f\u4ed8\u75ab\u82d7\u8d39\u7528", "eventUrl": "https://baijiahao.baidu.com/s?id=1683883825246031834&wfr=spider&for=pc", "siteName": "\u6f8e\u6e43\u65b0\u95fb"}, {"eventDescription": "\u65b0\u52a0\u5761\u63a8\u51fa\u65b0\u51a0\u80ba\u708e\u75ab\u60c5\u65c5\u6e38\u4fdd\u9669", "eventUrl": "https://baijiahao.baidu.com/s?id=1683879855322744907&wfr=spider&for=pc", "siteName": "\u592e\u5e7f\u7f51"}, {"eventDescription": "\u9a6c\u6765\u897f\u4e9a\u65b0\u589e\u65b0\u51a0\u80ba\u708e\u786e\u8bca\u75c5\u4f8b958\u4f8b", "eventUrl": "https://baijiahao.baidu.com/s?id=1683876698713577516&wfr=spider&for=pc", "siteName": "\u592e\u89c6\u65b0\u95fb"}, {"eventDescription": "\u5370\u5ea6\u591a\u5730\u65b0\u51a0\u80ba\u708e\u75ab\u60c5\u51fa\u73b0\u53cd\u5f39", "eventUrl": "https://baijiahao.baidu.com/s?id=1683870406031773162&wfr=spider&for=pc", "siteName": "\u592e\u89c6\u65b0\u95fb"}, {"eventDescription": "\u9a6c\u6765\u897f\u4e9a\u4ea4\u901a\u90e8\u957f\u8c08APEC", "eventUrl": "https://baijiahao.baidu.com/s?id=1683863284529440263&wfr=spider&for=pc", "siteName": "\u4e9a\u592a\u65e5\u62a5APD"}, {"eventDescription": "\u8499\u53e4\u56fd\u4e94\u7701\u4e00\u5e02\u51fa\u73b0\u65b0\u51a0\u80ba\u708e\u611f\u67d3\u6e90", "eventUrl": "https://baijiahao.baidu.com/s?id=1683858238789939213&wfr=spider&for=pc", "siteName": "\u4eba\u6c11\u7f51"}, {"eventDescription": "\u4e9a\u822a\u65e5\u672c\u7533\u8bf7\u7834\u4ea7", "eventUrl": "https://baijiahao.baidu.com/s?id=1683852577266073867&wfr=spider&for=pc", "siteName": "\u65b0\u6d6a\u8d22\u7ecf"}, {"eventDescription": "\u7f05\u7538\u82e5\u5f00\u90a6\u653f\u5e9c\u7ed9\u6b7b\u4f24\u96be\u6c11\u53d1\u653e\u629a\u6064\u91d1", "eventUrl": "https://baijiahao.baidu.com/s?id=1683848619136049727&wfr=spider&for=pc", "siteName": "\u7f05\u7538\u4e2d\u6587\u7f51"}, {"eventDescription": "\u7ea6\u65e6\u65b0\u589e\u65b0\u51a0\u80ba\u708e\u786e\u8bca\u75c5\u4f8b5470\u4f8b", "eventUrl": "https://baijiahao.baidu.com/s?id=1683816604038669931&wfr=spider&for=pc", "siteName": "\u6f47\u6e58\u6668\u62a5"}, {"eventDescription": "\u65e5\u672c\u65b0\u589e\u65b0\u51a0\u786e\u8bca\u75c5\u4f8b2377\u4f8b", "eventUrl": "https://baijiahao.baidu.com/s?id=1683810232347009168&wfr=spider&for=pc", "siteName": "\u6f47\u6e58\u6668\u62a5"}, {"eventDescription": "\u786e\u8bca\u75c5\u4f8b\u7a81\u78345642\u4e07 \u65e5\u672c\u901a\u8fc7\u65b0\u51a0\u75ab\u82d7\u63a5\u79cd\u6cd5\u6848", "eventUrl": "https://baijiahao.baidu.com/s?id=1683802107361016469&wfr=spider&for=pc", "siteName": "\u8d22\u8054\u793e"}, {"eventDescription": "\u901a\u8baf\uff1a\u79d1\u5a01\u7279\u513f\u7ae5\u671f\u76fc\u75ab\u60c5\u7ed3\u675f\u65e9\u65e5\u56de\u8bfe\u5802", "eventUrl": "https://baijiahao.baidu.com/s?id=1683798512279939431&wfr=spider&for=pc", "siteName": "\u65b0\u534e\u793e"}, {"eventDescription": "\u65e5\u672c\u5355\u65e5\u65b0\u589e\u75c5\u4f8b\u9996\u7834\u4e24\u5343", "eventUrl": "https://baijiahao.baidu.com/s?id=1683789507094459500&wfr=spider&for=pc", "siteName": "\u65b0\u4eac\u62a5"}, {"eventDescription": "\u65e5\u672c\u65b0\u51a0\u80ba\u708e\u786e\u8bca\u75c5\u4f8b\u65b0\u589e2363\u4f8b", "eventUrl": "https://baijiahao.baidu.com/s?id=1683788302482428158&wfr=spider&for=pc", "siteName": "\u592e\u89c6\u65b0\u95fb"}, {"eventDescription": "\u65e5\u672c\u75ab\u60c5\u7206\u53d1\u7834\u7eaa\u5f55", "eventUrl": "https://baijiahao.baidu.com/s?id=1683780950594964020&wfr=spider&for=pc", "siteName": "\u65e5\u672c\u62db\u8058\u7f51"}, {"eventDescription": "\u65af\u91cc\u5170\u5361\u5b98\u5458\u5f53\u573a\u5403\u751f\u9c7c\u5e26\u8d27", "eventUrl": "https://baijiahao.baidu.com/s?id=1683767110493786468&wfr=spider&for=pc", "siteName": "\u65b0\u6d6a\u8d22\u7ecf"}, {"eventDescription": "\u8499\u53e4\u56fd\u65b0\u589e\u4e24\u4e2a\u65b0\u51a0\u80ba\u708e\u611f\u67d3\u6e90", "eventUrl": "https://baijiahao.baidu.com/s?id=1683767105107149743&wfr=spider&for=pc", "siteName": "\u91d1\u878d\u754c"}, {"eventDescription": "\u83f2\u5f8b\u5bbe\u516c\u5e03\u65b0\u51a0\u75ab\u82d7\u63a5\u79cd\u4eba\u7fa4\u4f18\u5148\u5217\u8868", "eventUrl": "https://baijiahao.baidu.com/s?id=1683754705339520258&wfr=spider&for=pc", "siteName": "\u535a\u534e\u7f51"}, {"eventDescription": "\u5df4\u52d2\u65af\u5766\u65b0\u589e\u65b0\u51a0\u80ba\u708e\u786e\u8bca\u75c5\u4f8b1251\u4f8b", "eventUrl": "https://baijiahao.baidu.com/s?id=1683733476997533401&wfr=spider&for=pc", "siteName": "\u6f47\u6e58\u6668\u62a5"}, {"eventDescription": "\u65e5\u672c\u5355\u65e5\u65b0\u589e\u75c5\u4f8b\u8d852000", "eventUrl": "https://baijiahao.baidu.com/s?id=1683733170807140757&wfr=spider&for=pc", "siteName": "\u73af\u7403\u7f51"}, {"eventDescription": "\u7ea6\u65e6\u65b0\u589e7933\u4f8b\u65b0\u51a0\u80ba\u708e\u786e\u8bca\u75c5\u4f8b", "eventUrl": "https://baijiahao.baidu.com/s?id=1683731848459161230&wfr=spider&for=pc", "siteName": "\u6f47\u6e58\u6668\u62a5"}, {"eventDescription": "\u571f\u8033\u5176\u65b0\u589e4215\u4f8b\u65b0\u51a0\u80ba\u708e\u786e\u8bca\u75c5\u4f8b", "eventUrl": "https://baijiahao.baidu.com/s?id=1683719769342139045&wfr=spider&for=pc", "siteName": "\u6f47\u6e58\u6668\u62a5"}, {"eventDescription": "\u9a6c\u6765\u897f\u4e9a\u6682\u505c\u4e00\u9879\u56fd\u4f1a\u8bae\u5e2d\u8865\u9009\u6d3b\u52a8", "eventUrl": "https://baijiahao.baidu.com/s?id=1683711199806386048&wfr=spider&for=pc", "siteName": "\u6f47\u6e58\u6668\u62a5"}, {"eventDescription": "\u5c3c\u6cca\u5c14\u65b0\u589e1442\u4f8b\u65b0\u51a0\u80ba\u708e\u786e\u8bca\u75c5\u4f8b", "eventUrl": "https://baijiahao.baidu.com/s?id=1683699844357353186&wfr=spider&for=pc", "siteName": "\u592e\u89c6\u65b0\u95fb"}, {"eventDescription": "\u9a6c\u6765\u897f\u4e9a\u7d2f\u8ba1\u786e\u8bca\u75c5\u4f8b\u7834\u4e94\u4e07", "eventUrl": "https://baijiahao.baidu.com/s?id=1683702301545564886&wfr=spider&for=pc", "siteName": "\u4e2d\u56fd\u65b0\u95fb\u7f51"}, {"eventDescription": "\u8499\u53e4\u56fd\u653f\u5e9c\u5ba3\u5e03\u5b9e\u65bd\u75ab\u60c5\u671f\u95f4\u8d22\u653f\u652f\u6301\u653f\u7b56", "eventUrl": "https://baijiahao.baidu.com/s?id=1683697690648078809&wfr=spider&for=pc", "siteName": "\u65b0\u6d6a\u8d22\u7ecf"}, {"eventDescription": "\u67ec\u57d4\u5be8\u5b9e\u65bd\u65b0\u5165\u5883\u63aa\u65bd", "eventUrl": "https://baijiahao.baidu.com/s?id=1683691831754133562&wfr=spider&for=pc", "siteName": "\u73af\u7403\u7f51"}, {"eventDescription": "\u65af\u91cc\u5170\u5361\u6e14\u4e1a\u56e0\u75ab\u60c5\u5d29\u6e83", "eventUrl": "https://baijiahao.baidu.com/s?id=1683687933888222913&wfr=spider&for=pc", "siteName": "\u6e58\u6e58\u5e26\u4f60\u770b\u793e\u4f1a"}, {"eventDescription": "\u83f2\u5f8b\u5bbe\u65b0\u589e1383\u4f8b\u65b0\u51a0\u80ba\u708e\u786e\u8bca\u75c5\u4f8b", "eventUrl": "https://baijiahao.baidu.com/s?id=1683684873880084202&wfr=spider&for=pc", "siteName": "\u592e\u89c6\u65b0\u95fb"}, {"eventDescription": "\u571f\u8033\u5176\u56e0\u65b0\u51a0\u80ba\u708e\u75c5\u4f8b\u589e\u591a\u5b9e\u884c\u90e8\u5206\u5bb5\u7981\u5e76\u5173\u95ed\u5b66\u6821", "eventUrl": "https://baijiahao.baidu.com/s?id=1683684819826555064&wfr=spider&for=pc", "siteName": "\u571f\u8033\u5176\u9a7b\u5317\u4eac\u5927\u4f7f\u9986"}, {"eventDescription": "\u97e9\u56fd\u653f\u5e9c\uff1a\u56fd\u5185\u75ab\u60c5\u6b63\u5904\u4e8e\u53ef\u63a7\u548c\u5931\u63a7\u7684\u5341\u5b57\u8def\u53e3", "eventUrl": "https://baijiahao.baidu.com/s?id=1683679023925340511&wfr=spider&for=pc", "siteName": "\u754c\u9762\u65b0\u95fb"}, {"eventDescription": "\u585e\u6d66\u8def\u65af\u592e\u884c\u53d1\u5e03\u8239\u8236\u7ba1\u7406\u4e1a\u8c03\u67e5\u62a5\u544a", "eventUrl": "https://baijiahao.baidu.com/s?id=1683667626686453130&wfr=spider&for=pc", "siteName": "\u8d70\u51fa\u53bb\u5bfc\u822a\u7f51"}, {"eventDescription": "\u8c03\u67e5\uff1a\u97e9\u56fd\u8fd1\u56db\u6210\u804c\u573a\u4eba\u5bf9\u75ab\u60c5\u671f\u95f4\u516c\u53f8\u88c1\u5458\u500d\u611f\u538b\u529b", "eventUrl": "https://baijiahao.baidu.com/s?id=1683666976980175279&wfr=spider&for=pc", "siteName": "\u65b0\u6d6a\u79d1\u6280"}, {"eventDescription": "\u7f05\u7538\u653f\u5e9c\u75ab\u60c5\u671f\u95f4\u7ed9\u7a77\u4eba\u53d1\u94b1\u5374\u5f15\u53d1\u4e89\u8bae", "eventUrl": "https://baijiahao.baidu.com/s?id=1683663771685941132&wfr=spider&for=pc", "siteName": "\u7f05\u7538\u4e2d\u6587\u7f51"}, {"eventDescription": "\u97e9\u56fd\u65b0\u589e\u65b0\u51a0\u80ba\u708e\u786e\u8bca\u75c5\u4f8b313\u4f8b", "eventUrl": "https://baijiahao.baidu.com/s?id=1683660912834970943&wfr=spider&for=pc", "siteName": "\u6f47\u6e58\u6668\u62a5"}, {"eventDescription": "\u54c8\u8428\u514b\u65af\u5766\u62df\u5efa\u4fc4\u7f57\u65af\u65b0\u51a0\u80ba\u708e\u75ab\u82d7\u751f\u4ea7\u5382", "eventUrl": "https://baijiahao.baidu.com/s?id=1683638208454987005&wfr=spider&for=pc", "siteName": "\u65b0\u6d6a\u8d22\u7ecf"}]