[{"eventDescription": "\u7f8e\u56fd\u65b0\u51a0\u4f4f\u9662\u4eba\u6570\u521b\u7eaa\u5f55", "eventUrl": "https://baijiahao.baidu.com/s?id=1683884864251966558&wfr=spider&for=pc", "siteName": "\u5317\u4eac\u65e5\u62a5\u5ba2\u6237\u7aef"}, {"eventDescription": "\u7f8e\u56fd\u4e61\u6751\u65b0\u51a0\u80ba\u708e\u786e\u8bca\u75c5\u4f8b\u6fc0\u589e", "eventUrl": "https://baijiahao.baidu.com/s?id=1683859021101752065&wfr=spider&for=pc", "siteName": "\u592e\u89c6\u65b0\u95fb"}, {"eventDescription": "\u7f8e\u56fd\u52a0\u5dde\u5b9e\u65bd\u201c\u5bb5\u7981\u4ee4\u201d\u904f\u5236\u75ab\u60c5\u5feb\u901f\u8513\u5ef6", "eventUrl": "https://baijiahao.baidu.com/s?id=1683848397719107032&wfr=spider&for=pc", "siteName": "\u65b0\u534e\u793e"}, {"eventDescription": "\u7f8e\u56fd\u65b0\u51a0\u80ba\u708e\u786e\u8bca\u75c5\u4f8b\u7d2f\u8ba1\u8d851166\u4e07\u4f8b", "eventUrl": "https://baijiahao.baidu.com/s?id=1683830102601933630&wfr=spider&for=pc", "siteName": "\u65b0\u6d6a\u8d22\u7ecf"}, {"eventDescription": "\u7f8e\u56fd\u533b\u62a4\u4eba\u5458\u4f69\u6234\u7535\u52a8\u547c\u5438\u5668\u8fdb\u5165\u65b0\u51a0\u80ba\u708e\u60a3\u8005\u75c5\u623f", "eventUrl": "https://baijiahao.baidu.com/s?id=1683764983987028451&wfr=spider&for=pc", "siteName": "\u73af\u7403\u7f51"}, {"eventDescription": "\u7f8e\u56fd\u65b0\u51a0\u80ba\u708e\u786e\u8bca\u75c5\u4f8b\u6570\u7d2f\u8ba1\u8d851152\u4e07\u4f8b", "eventUrl": "https://baijiahao.baidu.com/s?id=1683759742564574377&wfr=spider&for=pc", "siteName": "\u592e\u89c6\u65b0\u95fb"}, {"eventDescription": "\u7f8e\u56fd\u65b0\u51a0\u80ba\u708e\u786e\u8bca\u75c5\u4f8b\u8d851142\u4e07", "eventUrl": "https://baijiahao.baidu.com/s?id=1683739161371707769&wfr=spider&for=pc", "siteName": "\u4e2d\u56fd\u9752\u5e74\u62a5"}, {"eventDescription": "\u7f8e\u56fd\u62a5\u7eb8\u8ba3\u544a\u5341\u9875\u534a", "eventUrl": "https://baijiahao.baidu.com/s?id=1683690927075957532&wfr=spider&for=pc", "siteName": "\u4eba\u6c11\u65e5\u62a5"}, {"eventDescription": "\u7f8e\u56fd\u4e00\u5973\u5b506\u540d\u4eb2\u4eba\u6b7b\u4e8e\u65b0\u51a0\u80ba\u708e", "eventUrl": "https://baijiahao.baidu.com/s?id=1683680326957975789&wfr=spider&for=pc", "siteName": "\u6f47\u6e58\u6668\u62a5"}, {"eventDescription": "\u7f8e\u56fd\u65b0\u51a0\u80ba\u708e\u786e\u8bca\u75c5\u4f8b\u7d2f\u8ba1\u8d851116\u4e07\u4f8b", "eventUrl": "https://baijiahao.baidu.com/s?id=1683592347677785672&wfr=spider&for=pc", "siteName": "\u540c\u82b1\u987a\u8d22\u7ecf"}, {"eventDescription": "\u7f8e\u56fd\u6025\u8bca\u5ba4\u62a4\u58eb\uff1a\u6c11\u4f17\u4ecd\u4e0d\u9632\u62a4", "eventUrl": "https://baijiahao.baidu.com/s?id=1683579929743260134&wfr=spider&for=pc", "siteName": "\u592e\u89c6\u65b0\u95fb"}, {"eventDescription": "\u7f8e\u56fd\u65b0\u51a0\u80ba\u708e\u786e\u8bca\u75c5\u4f8b\u8d851117\u4e07", "eventUrl": "https://baijiahao.baidu.com/s?id=1683567248551898606&wfr=spider&for=pc", "siteName": "\u4eba\u6c11\u65e5\u62a5"}, {"eventDescription": "\u7f8e\u56fd\u786e\u8bca\u7a81\u78341116\u4e07", "eventUrl": "https://baijiahao.baidu.com/s?id=1683562221248447270&wfr=spider&for=pc", "siteName": "\u5317\u4eac\u65e5\u62a5\u5ba2\u6237\u7aef"}, {"eventDescription": "\u7f8e\u56fd\u65b0\u51a0\u80ba\u708e\u75c5\u4f8b\u8d851116\u4e07\u4f8b", "eventUrl": "https://baijiahao.baidu.com/s?id=1683558065475370646&wfr=spider&for=pc", "siteName": "\u5317\u665a\u65b0\u89c6\u89c9\u7f51"}, {"eventDescription": "\u7f8e\u56fd6\u5929\u65b0\u589e100\u4e07\u65b0\u51a0\u80ba\u708e\u786e\u8bca\u75c5\u4f8b", "eventUrl": "https://baijiahao.baidu.com/s?id=1683515506103922641&wfr=spider&for=pc", "siteName": "\u592e\u89c6\u65b0\u95fb"}, {"eventDescription": "\u7f8e\u56fd\u5355\u65e5\u65b0\u589e\u75c5\u4f8b\u8d8518\u4e07", "eventUrl": "https://baijiahao.baidu.com/s?id=1683423333186587411&wfr=spider&for=pc", "siteName": "\u65b0\u4eac\u62a5"}, {"eventDescription": "\u7f8e\u56fd\u65b0\u51a0\u75ab\u60c5\u5bfc\u81f4\u8fd125\u4e07\u4eba\u6b7b\u4ea1", "eventUrl": "https://baijiahao.baidu.com/s?id=1683354212548711353&wfr=spider&for=pc", "siteName": "\u53e4\u59ff\u89c2\u5bdf"}, {"eventDescription": "\u7f8e\u56fd\u65b0\u51a0\u75ab\u60c5\u6076\u5316\u5bfc\u81f4\u533b\u9662\u4e0d\u582a\u91cd\u8d1f", "eventUrl": "https://baijiahao.baidu.com/s?id=1683332963061195797&wfr=spider&for=pc", "siteName": "\u695a\u6709\u5fae\u8bcd"}, {"eventDescription": "\u7f8e\u56fd\u53c8\u4e00\u5dde\u786e\u8bca\u8d85\u767e\u4e07", "eventUrl": "https://baijiahao.baidu.com/s?id=1683229760749066520&wfr=spider&for=pc", "siteName": "\u5317\u65b9\u70ed\u70b9\u7eb5\u6a2a"}, {"eventDescription": "\u7f8e\u56fd\u65b0\u51a0\u80ba\u708e\u786e\u8bca\u75c5\u4f8b\u8d851051\u4e07", "eventUrl": "https://baijiahao.baidu.com/s?id=1683223020497576645&wfr=spider&for=pc", "siteName": "\u91d1\u878d\u754c"}, {"eventDescription": "\u7f8e\u56fd\u65b0\u589e\u65b0\u51a0\u80ba\u708e\u786e\u8bca\u75c5\u4f8b151150\u4f8b", "eventUrl": "https://baijiahao.baidu.com/s?id=1683206767308046387&wfr=spider&for=pc", "siteName": "\u9c81\u7f51"}, {"eventDescription": "\u7f8e\u56fd\u6c11\u4e3b\u515a\u5f97\u5230\u4f17\u8bae\u9662\u591a\u6570\u5e2d\u4f4d", "eventUrl": "https://baijiahao.baidu.com/s?id=1683047303713168491&wfr=spider&for=pc", "siteName": "\u56fd\u9645\u91d1\u878d\u62a5"}, {"eventDescription": "\u7f8e\u56fd\u53c8\u6279\u65b0\u51a0\u6297\u4f53\u836f\u7269", "eventUrl": "https://baijiahao.baidu.com/s?id=1683021549096640556&wfr=spider&for=pc", "siteName": "\u65b0\u6d6a\u8d22\u7ecf"}, {"eventDescription": "\u7f8e\u56fd\u65b0\u51a0\u80ba\u708e\u786e\u8bca\u75c5\u4f8b\u8d851021\u4e07\u4f8b", "eventUrl": "https://baijiahao.baidu.com/s?id=1683017694115895943&wfr=spider&for=pc", "siteName": "\u4eba\u6c11\u65e5\u62a5"}, {"eventDescription": "\u7f8e\u56fd\u6240\u6709\u5dde\u65b0\u589e\u65b0\u51a0\u80ba\u708e\u75c5\u4f8b\u6570\u5747\u5448\u4e0a\u5347\u8d8b\u52bf", "eventUrl": "https://baijiahao.baidu.com/s?id=1683006221531913089&wfr=spider&for=pc", "siteName": "\u65b0\u6d6a\u8d22\u7ecf"}, {"eventDescription": "\u7f8e\u56fd\u8fbe\u62c9\u65af\u8054\u50a8\u884c\u957f\uff1a\u672a\u6765\u4e24\u4e2a\u5b63\u5ea6\u7ecf\u6d4e\u6216\u56e0\u75ab\u60c5\u800c\u8868\u73b0\u8270\u96be", "eventUrl": "https://baijiahao.baidu.com/s?id=1682984971548323229&wfr=spider&for=pc", "siteName": "\u65b0\u6d6a\u8d22\u7ecf"}, {"eventDescription": "\u5b89\u6d3e\u79d1\u751f\u7269\u7f8e\u56fd\u5df2\u5b8c\u6210\u65b0\u51a0\u80ba\u708e\u6297\u4f53\u68c0\u6d4b\u9a8c\u8bc1\u5e76\u5f00\u59cb\u5546\u4e1a\u5316\u68c0\u6d4b", "eventUrl": "https://baijiahao.baidu.com/s?id=1682979305593810206&wfr=spider&for=pc", "siteName": "\u7f8e\u901a\u793e"}, {"eventDescription": "\u7f8e\u56fd\u793c\u6765\u516c\u53f8\u65b0\u51a0\u80ba\u708e\u5355\u6297\u4f53\u7597\u6cd5\u83b7FDA\u7d27\u6025\u4f7f\u7528\u6388\u6743", "eventUrl": "https://baijiahao.baidu.com/s?id=1682955853547382118&wfr=spider&for=pc", "siteName": "\u4e2d\u56fd\u65e5\u62a5\u7f51"}, {"eventDescription": "\u7f8e\u56fd\u5355\u65e5\u65b0\u589e\u65b0\u51a0\u80ba\u708e\u786e\u8bca\u75c5\u4f8b\u6570\u8fbe\u5230\u5386\u53f2\u6700\u9ad8\u6c34\u5e73", "eventUrl": "https://baijiahao.baidu.com/s?id=1682826295444734331&wfr=spider&for=pc", "siteName": "\u6f47\u6e58\u6668\u62a5"}, {"eventDescription": "\u7f8e\u56fd\u5927\u9009\u671f\u95f4\u9a9a\u4e71\u6108\u6f14\u6108\u70c8", "eventUrl": "https://baijiahao.baidu.com/s?id=1682794462477079801&wfr=spider&for=pc", "siteName": "\u65b0\u6d6a\u8d22\u7ecf"}, {"eventDescription": "\u7f8e\u56fd\u767d\u5bab\u53c8\u67094\u540d\u5de5\u4f5c\u4eba\u5458\u786e\u8bca\u611f\u67d3\u65b0\u51a0\u80ba\u708e", "eventUrl": "https://baijiahao.baidu.com/s?id=1682782883076774572&wfr=spider&for=pc", "siteName": "\u4eba\u6c11\u65e5\u62a5\u6d77\u5916\u7f51"}]